{"CAPFT": [0.7841944915827704, 0.027025683620693207, 0.005222590512291558, 0.00021692430116427368, -0.00019218411177690167, -0.00011531764270024707], "HEIRFT": [0.7162755985430916, -0.004161089855566163, -0.0005729077062670702, 0.00041800740384663796, -0.0006154588026100481, 0.00039346652665741823], "HEIRFPLR": [-0.33808079196917734, 2.7629166672566634, -1.3954158938415628], "Qref": 175.7, "Pref": 32.2, "Q_min": 142.7, "Q_max": 226.3, "PLR_min": 0.25, "COP_min": 3.21, "COP_max": 7.04, "COP_med": 5.15}
