{"CAPFT": [0.9300492302752958, 0.03526591169765436, -0.004968669510962087, 0.00041747226581356767, -0.0003022915023160877, 9.773660370027137e-06], "HEIRFT": [0.3556666343811108, -0.02211409627372074, 0.0089215929159423, 5.995243647605175e-05, -3.4550553532408657e-05, 0.00014357037230472436], "HEIRFPLR": [-0.049758215126849414, 1.5407231145753069, -0.4967040777633469], "Qref": 16.2, "Pref": 6.47, "PLR_min": 0.1}
