{"CAPFT": [1.3674619178648815, 0.03804659465962401, -0.019681855839990714, 0.00035564628176876223, -0.0003621972557350528, 0.00020130672570195518], "HEIRFT": [0.0013367484492077253, -0.005549193693871857, 0.020206838944944794, -6.42720175278999e-05, -0.00023069214578574915, -7.601014281322094e-06], "HEIRFPLR": [-0.194398846570212, 1.468913188968992, -0.2833766224760481], "Qref": 16.18, "Pref": 7.6, "PLR_min": 0.2}
