{"CAPFT": [0.5152305055168107, 0.016858287502234393, 0.04002915190886247, -0.00029916924915052157, 6.765446186174362e-05, -0.000496776482422856], "HEIRFT": [0.8811301356647324, -0.0019346380513800977, -0.024648245650783343, -0.0003083507655603219, -0.0001586422096891705, 0.00039208468135561403], "HEIRFPLR": [-0.3720222858742652, 2.375345746851973, -1.0047114539738535], "Qref": 8.3, "Pref": 5.7, "PLR_min": 0.1}
