{"CAPFT": [0.7841944989955758, 0.027025683297829506, 0.005222590218886269, 0.00021692431037390048, -0.00019218410884458415, -0.00011531763958783081], "HEIRFT": [0.7162754899754193, -0.0041610888650991384, -0.0005729023829936786, 0.00041800736954067386, -0.0006154588109192893, 0.00039346646350357783], "HEIRFPLR": [-0.33808077124534075, 2.762916582736726, -1.3954158311342828], "Qref": 175.7, "Pref": 32.2, "Q_min": 142.7, "Q_max": 226.3, "COP_min": 3.21, "COP_max": 7.04, "COP_med": 5.15}
