{"CAPFT": [0.8454605267956957, 0.027689073804528678, 0.006404959469341046, 0.0001496419458169494, -4.569496057765451e-05, -0.00021118596972354869], "HEIRFT": [0.7418220836760441, -0.0022664853115584786, -0.007181589206940325, 0.000674105489882314, -0.000946546960846392, 0.0005940100532001941], "HEIRFPLR": [-0.5215602319631321, 1.6972347812119102, -0.1618280142560721], "Qref": 141.5, "Pref": 30.9, "Q_min": 118.9, "Q_max": 180.5, "PLR_min": 0.25, "COP_min": 3.22, "COP_max": 6.51, "COP_med": 4.8}
