{"CAPFT": [0.8454604995767081, 0.027689079173849773, 0.0064049595989519315, 0.00014964176134313334, -4.56950079232854e-05, -0.00021118596488212127], "HEIRFT": [0.7418220749382124, -0.002266483345133352, -0.007181589246322728, 0.000674105435500838, -0.0009465469846055008, 0.0005940100570227536], "HEIRFPLR": [-0.16182801674209818, 1.6972347891613433, -0.5215602370806782], "Qref": 141.5, "Pref": 30.9, "Q_min": 118.9, "Q_max": 180.5, "PLR_min": 0.25, "COP_min": 3.22, "COP_max": 6.51, "COP_med": 4.8}
