{"CAPFT": [0.930049230273987, 0.03526591169977844, -0.00496866950870567, 0.0004174722679944898, -0.00030229150013494355, 9.77366255017209e-06], "HEIRFT": [0.3556666343824486, -0.022114096271478978, 0.008921592918107346, 5.995243865708488e-05, -3.455055135148655e-05, 0.00014357037448553545], "HEIRFPLR": [-0.04975819746928794, 1.540722949813866, -0.4967039408074606], "Qref": 16.2, "Pref": 6.47, "Q_min": 7.76, "Q_max": 23.15, "PLR_min": 0.1}
