{"CAPFT": [1.367461917867454, 0.0380465946617361, -0.019681855837919038, 0.0003556462839485741, -0.0003621972535536866, 0.00020130672788409854], "HEIRFT": [0.001336748450156744, -0.005549193691562149, 0.02020683894711295, -6.427201534764393e-05, -0.0002306921436066034, -7.601012100844073e-06], "HEIRFPLR": [-0.19439885055755093, 1.4689131623547622, -0.2833766040414506], "Qref": 16.18, "Pref": 7.6, "Q_min": 11.14, "Q_max": 25.99, "PLR_min": 0.2}
