{"CAPFT": [0.515230505521292, 0.016858287504343594, 0.040029151910794813, -0.0002991692469687113, 6.765446404344289e-05, -0.0004967764802388253], "HEIRFT": [0.8811300289423628, -0.001934636544902224, -0.02464824123871967, -0.0003083507728460777, -0.00015864223856865145, 0.00039208463749784705], "HEIRFPLR": [-0.372022346462102, 2.3753458974617483, -1.0047115475588355], "Qref": 8.3, "Pref": 5.7, "Q_min": NaN, "Q_max": NaN, "COP_min": 1.456140350877193, "COP_max": 5.565217391304349, "COP_med": 2.7027027027027026, "PLR_min": 0.1}
